<?xml version="1.0" encoding="UTF-8"?>
<!DOCTYPE mapper
    PUBLIC "-//mybatis.org//DTD Mapper 3.0//EN"
    "http://mybatis.org/dtd/mybatis-3-mapper.dtd">
<mapper namespace="employee" >
<!-- 	<resultMap type="Employee" id="mapAll"> -->
<!--         <result property="id" column="id"/> -->
<!--         <result property="name" column="name"/> -->
<!--         <result property="sex" column="sex"/> -->
<!--         <result property="department" column="department"/> -->
<!--         <result property="email" column="email"/> -->
<!--         <result property="tel" column="tel"/> -->
<!--     </resultMap> -->
	<select id="allEmployees"  resultType="Employee">
		select id,name,sex,age,department,email,tel from employee 
	</select>
	
	<select id="getMapByDept" parameterType="String" resultType="Employee">
		select id,name,sex,age,department,email,tel from employee where department=#{department}
	</select>
	
	<select id="searchByName" parameterType="String" resultType="com.entity.Employee">
		select id,name,sex,age,department,email,tel from employee where name=#{name}
	</select>
	<insert id="addEmployee" parameterType="Employee">
		insert into employee
			(name,sex,age,department,email,tel) 
		values
			(#{name},#{sex},#{age},#{department},#{email},#{tel})
	</insert>
	
	<update id="updateEmployee" parameterType="Employee">
		update employee set
		name=#{name},sex=#{sex},age=#{age},department=#{department},email=#{email},tel=#{tel}
		where id=#{id}
	</update>
	<delete id="deleteById" parameterType="Integer">
		delete from employee where id=#{id}
	</delete>
</mapper>